backend,symbol,op_family,dtype,path
apple,tessera_apple_cpu_cholesky_f32,cholesky,f32,src/compiler/codegen/Tessera_Apple_Backend/runtime/apple_cpu_runtime.cpp
apple,tessera_apple_cpu_cholesky_solve_f32,cholesky_solve,f32,src/compiler/codegen/Tessera_Apple_Backend/runtime/apple_cpu_runtime.cpp
apple,tessera_apple_cpu_gemm_bf16,gemm,bf16,src/compiler/codegen/Tessera_Apple_Backend/runtime/apple_cpu_runtime.cpp
apple,tessera_apple_cpu_gemm_f16,gemm,f16,src/compiler/codegen/Tessera_Apple_Backend/runtime/apple_cpu_runtime.cpp
apple,tessera_apple_cpu_gemm_f32,gemm,f32,src/compiler/codegen/Tessera_Apple_Backend/runtime/apple_cpu_runtime.cpp
apple,tessera_apple_cpu_gemm_f32_batched,gemm_f32_batched,,src/compiler/codegen/Tessera_Apple_Backend/runtime/apple_cpu_runtime.cpp
apple,tessera_apple_cpu_lu_f32,lu,f32,src/compiler/codegen/Tessera_Apple_Backend/runtime/apple_cpu_runtime.cpp
apple,tessera_apple_cpu_qr_f32,qr,f32,src/compiler/codegen/Tessera_Apple_Backend/runtime/apple_cpu_runtime.cpp
apple,tessera_apple_cpu_runtime_has_accelerate,runtime_has_accelerate,,src/compiler/codegen/Tessera_Apple_Backend/runtime/apple_cpu_runtime.cpp
apple,tessera_apple_cpu_svd_f32,svd,f32,src/compiler/codegen/Tessera_Apple_Backend/runtime/apple_cpu_runtime.cpp
apple,tessera_apple_cpu_tri_solve_f32,tri_solve,f32,src/compiler/codegen/Tessera_Apple_Backend/runtime/apple_cpu_runtime.cpp
apple,tessera_apple_gpu_aligned_buffer_nbytes,aligned_buffer_nbytes,,src/compiler/codegen/Tessera_Apple_Backend/runtime/apple_gpu_runtime.mm
apple,tessera_apple_gpu_aligned_buffer_nbytes,aligned_buffer_nbytes,,src/compiler/codegen/Tessera_Apple_Backend/runtime/apple_gpu_runtime_stub.cpp
apple,tessera_apple_gpu_asymmetric_bce_f32,asymmetric_bce,f32,src/compiler/codegen/Tessera_Apple_Backend/runtime/apple_gpu_runtime.mm
apple,tessera_apple_gpu_asymmetric_bce_f32,asymmetric_bce,f32,src/compiler/codegen/Tessera_Apple_Backend/runtime/apple_gpu_runtime_stub.cpp
apple,tessera_apple_gpu_binary_dev_f32_enc,binary_dev_f32_enc,,src/compiler/codegen/Tessera_Apple_Backend/runtime/apple_gpu_runtime.mm
apple,tessera_apple_gpu_binary_dev_f32_enc,binary_dev_f32_enc,,src/compiler/codegen/Tessera_Apple_Backend/runtime/apple_gpu_runtime_stub.cpp
apple,tessera_apple_gpu_bmm_bf16,bmm,bf16,src/compiler/codegen/Tessera_Apple_Backend/runtime/apple_gpu_runtime.mm
apple,tessera_apple_gpu_bmm_bf16,bmm,bf16,src/compiler/codegen/Tessera_Apple_Backend/runtime/apple_gpu_runtime_stub.cpp
apple,tessera_apple_gpu_bmm_dev_bf16_enc,bmm_dev_bf16_enc,,src/compiler/codegen/Tessera_Apple_Backend/runtime/apple_gpu_runtime.mm
apple,tessera_apple_gpu_bmm_dev_bf16_enc,bmm_dev_bf16_enc,,src/compiler/codegen/Tessera_Apple_Backend/runtime/apple_gpu_runtime_stub.cpp
apple,tessera_apple_gpu_bmm_dev_f16_enc,bmm_dev_f16_enc,,src/compiler/codegen/Tessera_Apple_Backend/runtime/apple_gpu_runtime.mm
apple,tessera_apple_gpu_bmm_dev_f16_enc,bmm_dev_f16_enc,,src/compiler/codegen/Tessera_Apple_Backend/runtime/apple_gpu_runtime_stub.cpp
apple,tessera_apple_gpu_bmm_dev_f32,bmm_dev,f32,src/compiler/codegen/Tessera_Apple_Backend/runtime/apple_gpu_runtime.mm
apple,tessera_apple_gpu_bmm_dev_f32,bmm_dev,f32,src/compiler/codegen/Tessera_Apple_Backend/runtime/apple_gpu_runtime_stub.cpp
apple,tessera_apple_gpu_bmm_dev_f32_enc,bmm_dev_f32_enc,,src/compiler/codegen/Tessera_Apple_Backend/runtime/apple_gpu_runtime.mm
apple,tessera_apple_gpu_bmm_dev_f32_enc,bmm_dev_f32_enc,,src/compiler/codegen/Tessera_Apple_Backend/runtime/apple_gpu_runtime_stub.cpp
apple,tessera_apple_gpu_bmm_f16,bmm,f16,src/compiler/codegen/Tessera_Apple_Backend/runtime/apple_gpu_runtime.mm
apple,tessera_apple_gpu_bmm_f16,bmm,f16,src/compiler/codegen/Tessera_Apple_Backend/runtime/apple_gpu_runtime_stub.cpp
apple,tessera_apple_gpu_bmm_f32,bmm,f32,src/compiler/codegen/Tessera_Apple_Backend/runtime/apple_gpu_runtime.mm
apple,tessera_apple_gpu_bmm_f32,bmm,f32,src/compiler/codegen/Tessera_Apple_Backend/runtime/apple_gpu_runtime_stub.cpp
apple,tessera_apple_gpu_cf_scan_f32,cf_scan,f32,src/compiler/codegen/Tessera_Apple_Backend/runtime/apple_gpu_runtime.mm
apple,tessera_apple_gpu_cf_scan_f32,cf_scan,f32,src/compiler/codegen/Tessera_Apple_Backend/runtime/apple_gpu_runtime_stub.cpp
apple,tessera_apple_gpu_cf_serial_draft_f32,cf_serial_draft,f32,src/compiler/codegen/Tessera_Apple_Backend/runtime/apple_gpu_runtime.mm
apple,tessera_apple_gpu_cf_serial_draft_f32,cf_serial_draft,f32,src/compiler/codegen/Tessera_Apple_Backend/runtime/apple_gpu_runtime_stub.cpp
apple,tessera_apple_gpu_cf_while_generate_f32,cf_while_generate,f32,src/compiler/codegen/Tessera_Apple_Backend/runtime/apple_gpu_runtime.mm
apple,tessera_apple_gpu_cf_while_generate_f32,cf_while_generate,f32,src/compiler/codegen/Tessera_Apple_Backend/runtime/apple_gpu_runtime_stub.cpp
apple,tessera_apple_gpu_cholesky_batched_f32,cholesky_batched,f32,src/compiler/codegen/Tessera_Apple_Backend/runtime/apple_gpu_runtime.mm
apple,tessera_apple_gpu_cholesky_batched_f32,cholesky_batched,f32,src/compiler/codegen/Tessera_Apple_Backend/runtime/apple_gpu_runtime_stub.cpp
apple,tessera_apple_gpu_cholesky_f32,cholesky,f32,src/compiler/codegen/Tessera_Apple_Backend/runtime/apple_gpu_runtime.mm
apple,tessera_apple_gpu_cholesky_f32,cholesky,f32,src/compiler/codegen/Tessera_Apple_Backend/runtime/apple_gpu_runtime_stub.cpp
apple,tessera_apple_gpu_clear_last_error,clear_last_error,,src/compiler/codegen/Tessera_Apple_Backend/runtime/apple_gpu_runtime.mm
apple,tessera_apple_gpu_clear_last_error,clear_last_error,,src/compiler/codegen/Tessera_Apple_Backend/runtime/apple_gpu_runtime_stub.cpp
apple,tessera_apple_gpu_clifford_codiff_cl30_f32,clifford_codiff_cl30,f32,src/compiler/codegen/Tessera_Apple_Backend/runtime/apple_gpu_runtime.mm
apple,tessera_apple_gpu_clifford_exp_cl30_f32,clifford_exp_cl30,f32,src/compiler/codegen/Tessera_Apple_Backend/runtime/apple_gpu_runtime.mm
apple,tessera_apple_gpu_clifford_ext_deriv_cl30_f32,clifford_ext_deriv_cl30,f32,src/compiler/codegen/Tessera_Apple_Backend/runtime/apple_gpu_runtime.mm
apple,tessera_apple_gpu_clifford_geo_product_cl30_bf16,clifford_geo_product_cl30,bf16,src/compiler/codegen/Tessera_Apple_Backend/runtime/apple_gpu_runtime.mm
apple,tessera_apple_gpu_clifford_geo_product_cl30_f16,clifford_geo_product_cl30,f16,src/compiler/codegen/Tessera_Apple_Backend/runtime/apple_gpu_runtime.mm
apple,tessera_apple_gpu_clifford_geo_product_cl30_f32,clifford_geo_product_cl30,f32,src/compiler/codegen/Tessera_Apple_Backend/runtime/apple_gpu_runtime.mm
apple,tessera_apple_gpu_clifford_geo_product_cl30_value_f32,clifford_geo_product_cl30_value,f32,src/compiler/codegen/Tessera_Apple_Backend/runtime/apple_gpu_runtime.mm
apple,tessera_apple_gpu_clifford_geo_product_cl30_value_f32,clifford_geo_product_cl30_value,f32,src/compiler/codegen/Tessera_Apple_Backend/runtime/apple_gpu_runtime_stub.cpp
apple,tessera_apple_gpu_clifford_grade_projection_cl30_f32,clifford_grade_projection_cl30,f32,src/compiler/codegen/Tessera_Apple_Backend/runtime/apple_gpu_runtime.mm
apple,tessera_apple_gpu_clifford_inner_cl30_f32,clifford_inner_cl30,f32,src/compiler/codegen/Tessera_Apple_Backend/runtime/apple_gpu_runtime.mm
apple,tessera_apple_gpu_clifford_integral_cl30_f32,clifford_integral_cl30,f32,src/compiler/codegen/Tessera_Apple_Backend/runtime/apple_gpu_runtime.mm
apple,tessera_apple_gpu_clifford_left_contraction_cl30_f32,clifford_left_contraction_cl30,f32,src/compiler/codegen/Tessera_Apple_Backend/runtime/apple_gpu_runtime.mm
apple,tessera_apple_gpu_clifford_log_cl30_f32,clifford_log_cl30,f32,src/compiler/codegen/Tessera_Apple_Backend/runtime/apple_gpu_runtime.mm
apple,tessera_apple_gpu_clifford_norm_cl30_f32,clifford_norm_cl30,f32,src/compiler/codegen/Tessera_Apple_Backend/runtime/apple_gpu_runtime.mm
apple,tessera_apple_gpu_clifford_norm_squared_cl30_f32,clifford_norm_squared_cl30,f32,src/compiler/codegen/Tessera_Apple_Backend/runtime/apple_gpu_runtime.mm
apple,tessera_apple_gpu_clifford_rotor_sandwich_cl30_bf16,clifford_rotor_sandwich_cl30,bf16,src/compiler/codegen/Tessera_Apple_Backend/runtime/apple_gpu_runtime.mm
apple,tessera_apple_gpu_clifford_rotor_sandwich_cl30_f16,clifford_rotor_sandwich_cl30,f16,src/compiler/codegen/Tessera_Apple_Backend/runtime/apple_gpu_runtime.mm
apple,tessera_apple_gpu_clifford_rotor_sandwich_cl30_f32,clifford_rotor_sandwich_cl30,f32,src/compiler/codegen/Tessera_Apple_Backend/runtime/apple_gpu_runtime.mm
apple,tessera_apple_gpu_clifford_rotor_sandwich_norm_cl30_f32,clifford_rotor_sandwich_norm_cl30,f32,src/compiler/codegen/Tessera_Apple_Backend/runtime/apple_gpu_runtime.mm
apple,tessera_apple_gpu_clifford_vec_deriv_cl30_f32,clifford_vec_deriv_cl30,f32,src/compiler/codegen/Tessera_Apple_Backend/runtime/apple_gpu_runtime.mm
apple,tessera_apple_gpu_clifford_wedge_cl30_f32,clifford_wedge_cl30,f32,src/compiler/codegen/Tessera_Apple_Backend/runtime/apple_gpu_runtime.mm
apple,tessera_apple_gpu_command_queue_handle,command_queue_handle,,src/compiler/codegen/Tessera_Apple_Backend/runtime/apple_gpu_runtime.mm
apple,tessera_apple_gpu_command_queue_handle,command_queue_handle,,src/compiler/codegen/Tessera_Apple_Backend/runtime/apple_gpu_runtime_stub.cpp
apple,tessera_apple_gpu_commit_and_wait_timeout_probe,commit_and_wait_timeout_probe,,src/compiler/codegen/Tessera_Apple_Backend/runtime/apple_gpu_runtime.mm
apple,tessera_apple_gpu_commit_and_wait_timeout_probe,commit_and_wait_timeout_probe,,src/compiler/codegen/Tessera_Apple_Backend/runtime/apple_gpu_runtime_stub.cpp
apple,tessera_apple_gpu_complex_exp_f32,complex_exp,f32,src/compiler/codegen/Tessera_Apple_Backend/runtime/apple_gpu_runtime.mm
apple,tessera_apple_gpu_complex_mobius_f32,complex_mobius,f32,src/compiler/codegen/Tessera_Apple_Backend/runtime/apple_gpu_runtime.mm
apple,tessera_apple_gpu_complex_mul_f32,complex_mul,f32,src/compiler/codegen/Tessera_Apple_Backend/runtime/apple_gpu_runtime.mm
apple,tessera_apple_gpu_complex_stereographic_f32,complex_stereographic,f32,src/compiler/codegen/Tessera_Apple_Backend/runtime/apple_gpu_runtime.mm
apple,tessera_apple_gpu_conv2d_dev_bf16_enc,conv2d_dev_bf16_enc,,src/compiler/codegen/Tessera_Apple_Backend/runtime/apple_gpu_runtime.mm
apple,tessera_apple_gpu_conv2d_dev_f16_enc,conv2d_dev_f16_enc,,src/compiler/codegen/Tessera_Apple_Backend/runtime/apple_gpu_runtime.mm
apple,tessera_apple_gpu_conv2d_dev_f32_enc,conv2d_dev_f32_enc,,src/compiler/codegen/Tessera_Apple_Backend/runtime/apple_gpu_runtime.mm
apple,tessera_apple_gpu_conv2d_f16,conv2d,f16,src/compiler/codegen/Tessera_Apple_Backend/runtime/apple_gpu_runtime.mm
apple,tessera_apple_gpu_conv2d_f16,conv2d,f16,src/compiler/codegen/Tessera_Apple_Backend/runtime/apple_gpu_runtime_stub.cpp
apple,tessera_apple_gpu_conv2d_f32,conv2d,f32,src/compiler/codegen/Tessera_Apple_Backend/runtime/apple_gpu_runtime.mm
apple,tessera_apple_gpu_conv2d_f32,conv2d,f32,src/compiler/codegen/Tessera_Apple_Backend/runtime/apple_gpu_runtime_stub.cpp
apple,tessera_apple_gpu_conv2d_out_h,conv2d_out_h,,src/compiler/codegen/Tessera_Apple_Backend/runtime/apple_gpu_runtime.mm
apple,tessera_apple_gpu_conv2d_out_h,conv2d_out_h,,src/compiler/codegen/Tessera_Apple_Backend/runtime/apple_gpu_runtime_stub.cpp
apple,tessera_apple_gpu_conv2d_out_w,conv2d_out_w,,src/compiler/codegen/Tessera_Apple_Backend/runtime/apple_gpu_runtime.mm
apple,tessera_apple_gpu_conv2d_out_w,conv2d_out_w,,src/compiler/codegen/Tessera_Apple_Backend/runtime/apple_gpu_runtime_stub.cpp
apple,tessera_apple_gpu_conv3d_f16,conv3d,f16,src/compiler/codegen/Tessera_Apple_Backend/runtime/apple_gpu_runtime.mm
apple,tessera_apple_gpu_conv3d_f16,conv3d,f16,src/compiler/codegen/Tessera_Apple_Backend/runtime/apple_gpu_runtime_stub.cpp
apple,tessera_apple_gpu_conv3d_f32,conv3d,f32,src/compiler/codegen/Tessera_Apple_Backend/runtime/apple_gpu_runtime.mm
apple,tessera_apple_gpu_conv3d_f32,conv3d,f32,src/compiler/codegen/Tessera_Apple_Backend/runtime/apple_gpu_runtime_stub.cpp
apple,tessera_apple_gpu_conv3d_out_dim,conv3d_out_dim,,src/compiler/codegen/Tessera_Apple_Backend/runtime/apple_gpu_runtime.mm
apple,tessera_apple_gpu_conv3d_out_dim,conv3d_out_dim,,src/compiler/codegen/Tessera_Apple_Backend/runtime/apple_gpu_runtime_stub.cpp
apple,tessera_apple_gpu_count_nonzero_lastaxis_f32,count_nonzero_lastaxis,f32,src/compiler/codegen/Tessera_Apple_Backend/runtime/apple_gpu_runtime.mm
apple,tessera_apple_gpu_count_nonzero_lastaxis_f32,count_nonzero_lastaxis,f32,src/compiler/codegen/Tessera_Apple_Backend/runtime/apple_gpu_runtime_stub.cpp
apple,tessera_apple_gpu_device_handle,device_handle,,src/compiler/codegen/Tessera_Apple_Backend/runtime/apple_gpu_runtime.mm
apple,tessera_apple_gpu_device_handle,device_handle,,src/compiler/codegen/Tessera_Apple_Backend/runtime/apple_gpu_runtime_stub.cpp
apple,tessera_apple_gpu_dylib_load,dylib_load,,src/compiler/codegen/Tessera_Apple_Backend/runtime/apple_gpu_runtime.mm
apple,tessera_apple_gpu_dylib_load,dylib_load,,src/compiler/codegen/Tessera_Apple_Backend/runtime/apple_gpu_runtime_stub.cpp
apple,tessera_apple_gpu_dylib_serialize,dylib_serialize,,src/compiler/codegen/Tessera_Apple_Backend/runtime/apple_gpu_runtime.mm
apple,tessera_apple_gpu_dylib_serialize,dylib_serialize,,src/compiler/codegen/Tessera_Apple_Backend/runtime/apple_gpu_runtime_stub.cpp
apple,tessera_apple_gpu_ebm_decode_init_noise_apply_f32,ebm_decode_init_noise_apply,f32,src/compiler/codegen/Tessera_Apple_Backend/runtime/apple_gpu_runtime.mm
apple,tessera_apple_gpu_ebm_dsm_f32,ebm_dsm,f32,src/compiler/codegen/Tessera_Apple_Backend/runtime/apple_gpu_runtime.mm
apple,tessera_apple_gpu_ebm_dsm_f32,ebm_dsm,f32,src/compiler/codegen/Tessera_Apple_Backend/runtime/apple_gpu_runtime_stub.cpp
apple,tessera_apple_gpu_ebm_ebt_tiny_refinement_argmin_f32,ebm_ebt_tiny_refinement_argmin,f32,src/compiler/codegen/Tessera_Apple_Backend/runtime/apple_gpu_runtime.mm
apple,tessera_apple_gpu_ebm_energy_diff_mean_f32,ebm_energy_diff_mean,f32,src/compiler/codegen/Tessera_Apple_Backend/runtime/apple_gpu_runtime.mm
apple,tessera_apple_gpu_ebm_energy_diff_mean_f32,ebm_energy_diff_mean,f32,src/compiler/codegen/Tessera_Apple_Backend/runtime/apple_gpu_runtime_stub.cpp
apple,tessera_apple_gpu_ebm_energy_quadratic_f32,ebm_energy_quadratic,f32,src/compiler/codegen/Tessera_Apple_Backend/runtime/apple_gpu_runtime.mm
apple,tessera_apple_gpu_ebm_energy_quadratic_value_f32,ebm_energy_quadratic_value,f32,src/compiler/codegen/Tessera_Apple_Backend/runtime/apple_gpu_runtime.mm
apple,tessera_apple_gpu_ebm_energy_quadratic_value_f32,ebm_energy_quadratic_value,f32,src/compiler/codegen/Tessera_Apple_Backend/runtime/apple_gpu_runtime_stub.cpp
apple,tessera_apple_gpu_ebm_half_mse_f32,ebm_half_mse,f32,src/compiler/codegen/Tessera_Apple_Backend/runtime/apple_gpu_runtime.mm
apple,tessera_apple_gpu_ebm_half_mse_f32,ebm_half_mse,f32,src/compiler/codegen/Tessera_Apple_Backend/runtime/apple_gpu_runtime_stub.cpp
apple,tessera_apple_gpu_ebm_inner_step_f32,ebm_inner_step,f32,src/compiler/codegen/Tessera_Apple_Backend/runtime/apple_gpu_runtime.mm
apple,tessera_apple_gpu_ebm_ism_f32,ebm_ism,f32,src/compiler/codegen/Tessera_Apple_Backend/runtime/apple_gpu_runtime.mm
apple,tessera_apple_gpu_ebm_ism_f32,ebm_ism,f32,src/compiler/codegen/Tessera_Apple_Backend/runtime/apple_gpu_runtime_stub.cpp
apple,tessera_apple_gpu_ebm_langevin_step_f32,ebm_langevin_step,f32,src/compiler/codegen/Tessera_Apple_Backend/runtime/apple_gpu_runtime.mm
apple,tessera_apple_gpu_ebm_langevin_step_philox_f32,ebm_langevin_step_philox,f32,src/compiler/codegen/Tessera_Apple_Backend/runtime/apple_gpu_runtime.mm
apple,tessera_apple_gpu_ebm_langevin_step_value_f32,ebm_langevin_step_value,f32,src/compiler/codegen/Tessera_Apple_Backend/runtime/apple_gpu_runtime.mm
apple,tessera_apple_gpu_ebm_langevin_step_value_f32,ebm_langevin_step_value,f32,src/compiler/codegen/Tessera_Apple_Backend/runtime/apple_gpu_runtime_stub.cpp
apple,tessera_apple_gpu_ebm_partition_exact_f32,ebm_partition_exact,f32,src/compiler/codegen/Tessera_Apple_Backend/runtime/apple_gpu_runtime.mm
apple,tessera_apple_gpu_ebm_partition_exact_value_f32,ebm_partition_exact_value,f32,src/compiler/codegen/Tessera_Apple_Backend/runtime/apple_gpu_runtime.mm
apple,tessera_apple_gpu_ebm_partition_exact_value_f32,ebm_partition_exact_value,f32,src/compiler/codegen/Tessera_Apple_Backend/runtime/apple_gpu_runtime_stub.cpp
apple,tessera_apple_gpu_ebm_refinement_f32,ebm_refinement,f32,src/compiler/codegen/Tessera_Apple_Backend/runtime/apple_gpu_runtime.mm
apple,tessera_apple_gpu_ebm_refinement_value_f32,ebm_refinement_value,f32,src/compiler/codegen/Tessera_Apple_Backend/runtime/apple_gpu_runtime.mm
apple,tessera_apple_gpu_ebm_refinement_value_f32,ebm_refinement_value,f32,src/compiler/codegen/Tessera_Apple_Backend/runtime/apple_gpu_runtime_stub.cpp
apple,tessera_apple_gpu_ebm_self_verify_hard_argmin_f32,ebm_self_verify_hard_argmin,f32,src/compiler/codegen/Tessera_Apple_Backend/runtime/apple_gpu_runtime.mm
apple,tessera_apple_gpu_ebm_sphere_langevin_step_f32,ebm_sphere_langevin_step,f32,src/compiler/codegen/Tessera_Apple_Backend/runtime/apple_gpu_runtime.mm
apple,tessera_apple_gpu_fft_f32,fft,f32,src/compiler/codegen/Tessera_Apple_Backend/runtime/apple_gpu_runtime.mm
apple,tessera_apple_gpu_fft_f32,fft,f32,src/compiler/codegen/Tessera_Apple_Backend/runtime/apple_gpu_runtime_stub.cpp
apple,tessera_apple_gpu_flash_attn_bf16,flash_attn,bf16,src/compiler/codegen/Tessera_Apple_Backend/runtime/apple_gpu_runtime.mm
apple,tessera_apple_gpu_flash_attn_bf16,flash_attn,bf16,src/compiler/codegen/Tessera_Apple_Backend/runtime/apple_gpu_runtime_stub.cpp
apple,tessera_apple_gpu_flash_attn_bias_bf16,flash_attn_bias,bf16,src/compiler/codegen/Tessera_Apple_Backend/runtime/apple_gpu_runtime.mm
apple,tessera_apple_gpu_flash_attn_bias_bf16,flash_attn_bias,bf16,src/compiler/codegen/Tessera_Apple_Backend/runtime/apple_gpu_runtime_stub.cpp
apple,tessera_apple_gpu_flash_attn_bias_f16,flash_attn_bias,f16,src/compiler/codegen/Tessera_Apple_Backend/runtime/apple_gpu_runtime.mm
apple,tessera_apple_gpu_flash_attn_bias_f16,flash_attn_bias,f16,src/compiler/codegen/Tessera_Apple_Backend/runtime/apple_gpu_runtime_stub.cpp
apple,tessera_apple_gpu_flash_attn_bias_f32,flash_attn_bias,f32,src/compiler/codegen/Tessera_Apple_Backend/runtime/apple_gpu_runtime.mm
apple,tessera_apple_gpu_flash_attn_bias_f32,flash_attn_bias,f32,src/compiler/codegen/Tessera_Apple_Backend/runtime/apple_gpu_runtime_stub.cpp
apple,tessera_apple_gpu_flash_attn_dev_bf16_enc,flash_attn_dev_bf16_enc,,src/compiler/codegen/Tessera_Apple_Backend/runtime/apple_gpu_runtime.mm
apple,tessera_apple_gpu_flash_attn_dev_bf16_enc,flash_attn_dev_bf16_enc,,src/compiler/codegen/Tessera_Apple_Backend/runtime/apple_gpu_runtime_stub.cpp
apple,tessera_apple_gpu_flash_attn_dev_f16_enc,flash_attn_dev_f16_enc,,src/compiler/codegen/Tessera_Apple_Backend/runtime/apple_gpu_runtime.mm
apple,tessera_apple_gpu_flash_attn_dev_f16_enc,flash_attn_dev_f16_enc,,src/compiler/codegen/Tessera_Apple_Backend/runtime/apple_gpu_runtime_stub.cpp
apple,tessera_apple_gpu_flash_attn_dev_f32_enc,flash_attn_dev_f32_enc,,src/compiler/codegen/Tessera_Apple_Backend/runtime/apple_gpu_runtime.mm
apple,tessera_apple_gpu_flash_attn_dev_f32_enc,flash_attn_dev_f32_enc,,src/compiler/codegen/Tessera_Apple_Backend/runtime/apple_gpu_runtime_stub.cpp
apple,tessera_apple_gpu_flash_attn_f16,flash_attn,f16,src/compiler/codegen/Tessera_Apple_Backend/runtime/apple_gpu_runtime.mm
apple,tessera_apple_gpu_flash_attn_f16,flash_attn,f16,src/compiler/codegen/Tessera_Apple_Backend/runtime/apple_gpu_runtime_stub.cpp
apple,tessera_apple_gpu_flash_attn_f32,flash_attn,f32,src/compiler/codegen/Tessera_Apple_Backend/runtime/apple_gpu_runtime.mm
apple,tessera_apple_gpu_flash_attn_f32,flash_attn,f32,src/compiler/codegen/Tessera_Apple_Backend/runtime/apple_gpu_runtime_stub.cpp
apple,tessera_apple_gpu_flash_attn_gqa_bf16,flash_attn_gqa,bf16,src/compiler/codegen/Tessera_Apple_Backend/runtime/apple_gpu_runtime.mm
apple,tessera_apple_gpu_flash_attn_gqa_bf16,flash_attn_gqa,bf16,src/compiler/codegen/Tessera_Apple_Backend/runtime/apple_gpu_runtime_stub.cpp
apple,tessera_apple_gpu_flash_attn_gqa_f16,flash_attn_gqa,f16,src/compiler/codegen/Tessera_Apple_Backend/runtime/apple_gpu_runtime.mm
apple,tessera_apple_gpu_flash_attn_gqa_f16,flash_attn_gqa,f16,src/compiler/codegen/Tessera_Apple_Backend/runtime/apple_gpu_runtime_stub.cpp
apple,tessera_apple_gpu_flash_attn_gqa_f32,flash_attn_gqa,f32,src/compiler/codegen/Tessera_Apple_Backend/runtime/apple_gpu_runtime.mm
apple,tessera_apple_gpu_flash_attn_gqa_f32,flash_attn_gqa,f32,src/compiler/codegen/Tessera_Apple_Backend/runtime/apple_gpu_runtime_stub.cpp
apple,tessera_apple_gpu_gather_blocks_dev_f32,gather_blocks_dev,f32,src/compiler/codegen/Tessera_Apple_Backend/runtime/apple_gpu_runtime.mm
apple,tessera_apple_gpu_gather_blocks_dev_f32,gather_blocks_dev,f32,src/compiler/codegen/Tessera_Apple_Backend/runtime/apple_gpu_runtime_stub.cpp
apple,tessera_apple_gpu_gather_blocks_dev_f32_enc,gather_blocks_dev_f32_enc,,src/compiler/codegen/Tessera_Apple_Backend/runtime/apple_gpu_runtime.mm
apple,tessera_apple_gpu_gather_blocks_dev_f32_enc,gather_blocks_dev_f32_enc,,src/compiler/codegen/Tessera_Apple_Backend/runtime/apple_gpu_runtime_stub.cpp
apple,tessera_apple_gpu_gelu_bf16,gelu,bf16,src/compiler/codegen/Tessera_Apple_Backend/runtime/apple_gpu_runtime.mm
apple,tessera_apple_gpu_gelu_bf16,gelu,bf16,src/compiler/codegen/Tessera_Apple_Backend/runtime/apple_gpu_runtime_stub.cpp
apple,tessera_apple_gpu_gelu_f16,gelu,f16,src/compiler/codegen/Tessera_Apple_Backend/runtime/apple_gpu_runtime.mm
apple,tessera_apple_gpu_gelu_f16,gelu,f16,src/compiler/codegen/Tessera_Apple_Backend/runtime/apple_gpu_runtime_stub.cpp
apple,tessera_apple_gpu_gelu_f32,gelu,f32,src/compiler/codegen/Tessera_Apple_Backend/runtime/apple_gpu_runtime.mm
apple,tessera_apple_gpu_gelu_f32,gelu,f32,src/compiler/codegen/Tessera_Apple_Backend/runtime/apple_gpu_runtime_stub.cpp
apple,tessera_apple_gpu_grouped_gemm_f32,grouped_gemm,f32,src/compiler/codegen/Tessera_Apple_Backend/runtime/apple_gpu_runtime.mm
apple,tessera_apple_gpu_grouped_gemm_f32,grouped_gemm,f32,src/compiler/codegen/Tessera_Apple_Backend/runtime/apple_gpu_runtime_stub.cpp
apple,tessera_apple_gpu_gumbel_argmax_dev_f32,gumbel_argmax_dev,f32,src/compiler/codegen/Tessera_Apple_Backend/runtime/apple_gpu_runtime.mm
apple,tessera_apple_gpu_gumbel_argmax_dev_f32,gumbel_argmax_dev,f32,src/compiler/codegen/Tessera_Apple_Backend/runtime/apple_gpu_runtime_stub.cpp
apple,tessera_apple_gpu_gumbel_argmax_dev_f32_enc,gumbel_argmax_dev_f32_enc,,src/compiler/codegen/Tessera_Apple_Backend/runtime/apple_gpu_runtime.mm
apple,tessera_apple_gpu_gumbel_argmax_dev_f32_enc,gumbel_argmax_dev_f32_enc,,src/compiler/codegen/Tessera_Apple_Backend/runtime/apple_gpu_runtime_stub.cpp
apple,tessera_apple_gpu_gumbel_argmax_f32,gumbel_argmax,f32,src/compiler/codegen/Tessera_Apple_Backend/runtime/apple_gpu_runtime.mm
apple,tessera_apple_gpu_gumbel_argmax_f32,gumbel_argmax,f32,src/compiler/codegen/Tessera_Apple_Backend/runtime/apple_gpu_runtime_stub.cpp
apple,tessera_apple_gpu_last_error_kind,last_error_kind,,src/compiler/codegen/Tessera_Apple_Backend/runtime/apple_gpu_runtime.mm
apple,tessera_apple_gpu_last_error_kind,last_error_kind,,src/compiler/codegen/Tessera_Apple_Backend/runtime/apple_gpu_runtime_stub.cpp
apple,tessera_apple_gpu_last_error_message,last_error_message,,src/compiler/codegen/Tessera_Apple_Backend/runtime/apple_gpu_runtime.mm
apple,tessera_apple_gpu_last_error_message,last_error_message,,src/compiler/codegen/Tessera_Apple_Backend/runtime/apple_gpu_runtime_stub.cpp
apple,tessera_apple_gpu_layer_norm_bf16,layer_norm,bf16,src/compiler/codegen/Tessera_Apple_Backend/runtime/apple_gpu_runtime.mm
apple,tessera_apple_gpu_layer_norm_bf16,layer_norm,bf16,src/compiler/codegen/Tessera_Apple_Backend/runtime/apple_gpu_runtime_stub.cpp
apple,tessera_apple_gpu_layer_norm_dev_bf16_enc,layer_norm_dev_bf16_enc,,src/compiler/codegen/Tessera_Apple_Backend/runtime/apple_gpu_runtime.mm
apple,tessera_apple_gpu_layer_norm_dev_bf16_enc,layer_norm_dev_bf16_enc,,src/compiler/codegen/Tessera_Apple_Backend/runtime/apple_gpu_runtime_stub.cpp
apple,tessera_apple_gpu_layer_norm_dev_f16_enc,layer_norm_dev_f16_enc,,src/compiler/codegen/Tessera_Apple_Backend/runtime/apple_gpu_runtime.mm
apple,tessera_apple_gpu_layer_norm_dev_f16_enc,layer_norm_dev_f16_enc,,src/compiler/codegen/Tessera_Apple_Backend/runtime/apple_gpu_runtime_stub.cpp
apple,tessera_apple_gpu_layer_norm_dev_f32_enc,layer_norm_dev_f32_enc,,src/compiler/codegen/Tessera_Apple_Backend/runtime/apple_gpu_runtime.mm
apple,tessera_apple_gpu_layer_norm_dev_f32_enc,layer_norm_dev_f32_enc,,src/compiler/codegen/Tessera_Apple_Backend/runtime/apple_gpu_runtime_stub.cpp
apple,tessera_apple_gpu_layer_norm_f16,layer_norm,f16,src/compiler/codegen/Tessera_Apple_Backend/runtime/apple_gpu_runtime.mm
apple,tessera_apple_gpu_layer_norm_f16,layer_norm,f16,src/compiler/codegen/Tessera_Apple_Backend/runtime/apple_gpu_runtime_stub.cpp
apple,tessera_apple_gpu_layer_norm_f32,layer_norm,f32,src/compiler/codegen/Tessera_Apple_Backend/runtime/apple_gpu_runtime.mm
apple,tessera_apple_gpu_layer_norm_f32,layer_norm,f32,src/compiler/codegen/Tessera_Apple_Backend/runtime/apple_gpu_runtime_stub.cpp
apple,tessera_apple_gpu_linear_attn_f32,linear_attn,f32,src/compiler/codegen/Tessera_Apple_Backend/runtime/apple_gpu_runtime.mm
apple,tessera_apple_gpu_linear_attn_f32,linear_attn,f32,src/compiler/codegen/Tessera_Apple_Backend/runtime/apple_gpu_runtime_stub.cpp
apple,tessera_apple_gpu_load_balance_loss_f32,load_balance_loss,f32,src/compiler/codegen/Tessera_Apple_Backend/runtime/apple_gpu_runtime.mm
apple,tessera_apple_gpu_load_balance_loss_f32,load_balance_loss,f32,src/compiler/codegen/Tessera_Apple_Backend/runtime/apple_gpu_runtime_stub.cpp
apple,tessera_apple_gpu_log_softmax_f16,log_softmax,f16,src/compiler/codegen/Tessera_Apple_Backend/runtime/apple_gpu_runtime.mm
apple,tessera_apple_gpu_log_softmax_f16,log_softmax,f16,src/compiler/codegen/Tessera_Apple_Backend/runtime/apple_gpu_runtime_stub.cpp
apple,tessera_apple_gpu_log_softmax_f32,log_softmax,f32,src/compiler/codegen/Tessera_Apple_Backend/runtime/apple_gpu_runtime.mm
apple,tessera_apple_gpu_log_softmax_f32,log_softmax,f32,src/compiler/codegen/Tessera_Apple_Backend/runtime/apple_gpu_runtime_stub.cpp
apple,tessera_apple_gpu_lookahead_sparse_attn_f32,lookahead_sparse_attn,f32,src/compiler/codegen/Tessera_Apple_Backend/runtime/apple_gpu_runtime.mm
apple,tessera_apple_gpu_lookahead_sparse_attn_f32,lookahead_sparse_attn,f32,src/compiler/codegen/Tessera_Apple_Backend/runtime/apple_gpu_runtime_stub.cpp
apple,tessera_apple_gpu_masked_categorical_f32,masked_categorical,f32,src/compiler/codegen/Tessera_Apple_Backend/runtime/apple_gpu_runtime.mm
apple,tessera_apple_gpu_masked_categorical_f32,masked_categorical,f32,src/compiler/codegen/Tessera_Apple_Backend/runtime/apple_gpu_runtime_stub.cpp
apple,tessera_apple_gpu_matmul_gelu_bf16,matmul_gelu,bf16,src/compiler/codegen/Tessera_Apple_Backend/runtime/apple_gpu_runtime.mm
apple,tessera_apple_gpu_matmul_gelu_bf16,matmul_gelu,bf16,src/compiler/codegen/Tessera_Apple_Backend/runtime/apple_gpu_runtime_stub.cpp
apple,tessera_apple_gpu_matmul_gelu_f16,matmul_gelu,f16,src/compiler/codegen/Tessera_Apple_Backend/runtime/apple_gpu_runtime.mm
apple,tessera_apple_gpu_matmul_gelu_f16,matmul_gelu,f16,src/compiler/codegen/Tessera_Apple_Backend/runtime/apple_gpu_runtime_stub.cpp
apple,tessera_apple_gpu_matmul_gelu_f32,matmul_gelu,f32,src/compiler/codegen/Tessera_Apple_Backend/runtime/apple_gpu_runtime.mm
apple,tessera_apple_gpu_matmul_gelu_f32,matmul_gelu,f32,src/compiler/codegen/Tessera_Apple_Backend/runtime/apple_gpu_runtime_stub.cpp
apple,tessera_apple_gpu_matmul_rmsnorm_bf16,matmul_rmsnorm,bf16,src/compiler/codegen/Tessera_Apple_Backend/runtime/apple_gpu_runtime.mm
apple,tessera_apple_gpu_matmul_rmsnorm_bf16,matmul_rmsnorm,bf16,src/compiler/codegen/Tessera_Apple_Backend/runtime/apple_gpu_runtime_stub.cpp
apple,tessera_apple_gpu_matmul_rmsnorm_f16,matmul_rmsnorm,f16,src/compiler/codegen/Tessera_Apple_Backend/runtime/apple_gpu_runtime.mm
apple,tessera_apple_gpu_matmul_rmsnorm_f16,matmul_rmsnorm,f16,src/compiler/codegen/Tessera_Apple_Backend/runtime/apple_gpu_runtime_stub.cpp
apple,tessera_apple_gpu_matmul_rmsnorm_f32,matmul_rmsnorm,f32,src/compiler/codegen/Tessera_Apple_Backend/runtime/apple_gpu_runtime.mm
apple,tessera_apple_gpu_matmul_rmsnorm_f32,matmul_rmsnorm,f32,src/compiler/codegen/Tessera_Apple_Backend/runtime/apple_gpu_runtime_stub.cpp
apple,tessera_apple_gpu_matmul_softmax_bf16,matmul_softmax,bf16,src/compiler/codegen/Tessera_Apple_Backend/runtime/apple_gpu_runtime.mm
apple,tessera_apple_gpu_matmul_softmax_bf16,matmul_softmax,bf16,src/compiler/codegen/Tessera_Apple_Backend/runtime/apple_gpu_runtime_stub.cpp
apple,tessera_apple_gpu_matmul_softmax_f16,matmul_softmax,f16,src/compiler/codegen/Tessera_Apple_Backend/runtime/apple_gpu_runtime.mm
apple,tessera_apple_gpu_matmul_softmax_f16,matmul_softmax,f16,src/compiler/codegen/Tessera_Apple_Backend/runtime/apple_gpu_runtime_stub.cpp
apple,tessera_apple_gpu_matmul_softmax_f32,matmul_softmax,f32,src/compiler/codegen/Tessera_Apple_Backend/runtime/apple_gpu_runtime.mm
apple,tessera_apple_gpu_matmul_softmax_f32,matmul_softmax,f32,src/compiler/codegen/Tessera_Apple_Backend/runtime/apple_gpu_runtime_stub.cpp
apple,tessera_apple_gpu_matmul_softmax_matmul_bf16,matmul_softmax_matmul,bf16,src/compiler/codegen/Tessera_Apple_Backend/runtime/apple_gpu_runtime.mm
apple,tessera_apple_gpu_matmul_softmax_matmul_bf16,matmul_softmax_matmul,bf16,src/compiler/codegen/Tessera_Apple_Backend/runtime/apple_gpu_runtime_stub.cpp
apple,tessera_apple_gpu_matmul_softmax_matmul_f16,matmul_softmax_matmul,f16,src/compiler/codegen/Tessera_Apple_Backend/runtime/apple_gpu_runtime.mm
apple,tessera_apple_gpu_matmul_softmax_matmul_f16,matmul_softmax_matmul,f16,src/compiler/codegen/Tessera_Apple_Backend/runtime/apple_gpu_runtime_stub.cpp
apple,tessera_apple_gpu_matmul_softmax_matmul_f32,matmul_softmax_matmul,f32,src/compiler/codegen/Tessera_Apple_Backend/runtime/apple_gpu_runtime.mm
apple,tessera_apple_gpu_matmul_softmax_matmul_f32,matmul_softmax_matmul,f32,src/compiler/codegen/Tessera_Apple_Backend/runtime/apple_gpu_runtime_stub.cpp
apple,tessera_apple_gpu_matmul_softmax_tiled_bf16,matmul_softmax_tiled,bf16,src/compiler/codegen/Tessera_Apple_Backend/runtime/apple_gpu_runtime.mm
apple,tessera_apple_gpu_matmul_softmax_tiled_bf16,matmul_softmax_tiled,bf16,src/compiler/codegen/Tessera_Apple_Backend/runtime/apple_gpu_runtime_stub.cpp
apple,tessera_apple_gpu_matmul_softmax_tiled_f16,matmul_softmax_tiled,f16,src/compiler/codegen/Tessera_Apple_Backend/runtime/apple_gpu_runtime.mm
apple,tessera_apple_gpu_matmul_softmax_tiled_f16,matmul_softmax_tiled,f16,src/compiler/codegen/Tessera_Apple_Backend/runtime/apple_gpu_runtime_stub.cpp
apple,tessera_apple_gpu_matmul_softmax_tiled_f32,matmul_softmax_tiled,f32,src/compiler/codegen/Tessera_Apple_Backend/runtime/apple_gpu_runtime.mm
apple,tessera_apple_gpu_matmul_softmax_tiled_f32,matmul_softmax_tiled,f32,src/compiler/codegen/Tessera_Apple_Backend/runtime/apple_gpu_runtime_stub.cpp
apple,tessera_apple_gpu_metal4_probe,metal4_probe,,src/compiler/codegen/Tessera_Apple_Backend/runtime/apple_gpu_runtime.mm
apple,tessera_apple_gpu_metal4_probe,metal4_probe,,src/compiler/codegen/Tessera_Apple_Backend/runtime/apple_gpu_runtime_stub.cpp
apple,tessera_apple_gpu_metal4_tensor_roundtrip,metal4_tensor_roundtrip,,src/compiler/codegen/Tessera_Apple_Backend/runtime/apple_gpu_runtime.mm
apple,tessera_apple_gpu_metal4_tensor_roundtrip,metal4_tensor_roundtrip,,src/compiler/codegen/Tessera_Apple_Backend/runtime/apple_gpu_runtime_stub.cpp
apple,tessera_apple_gpu_mla_absorb_decode_bf16,mla_absorb_decode,bf16,src/compiler/codegen/Tessera_Apple_Backend/runtime/apple_gpu_runtime.mm
apple,tessera_apple_gpu_mla_absorb_decode_bf16,mla_absorb_decode,bf16,src/compiler/codegen/Tessera_Apple_Backend/runtime/apple_gpu_runtime_stub.cpp
apple,tessera_apple_gpu_mla_absorb_decode_f16,mla_absorb_decode,f16,src/compiler/codegen/Tessera_Apple_Backend/runtime/apple_gpu_runtime.mm
apple,tessera_apple_gpu_mla_absorb_decode_f16,mla_absorb_decode,f16,src/compiler/codegen/Tessera_Apple_Backend/runtime/apple_gpu_runtime_stub.cpp
apple,tessera_apple_gpu_mla_absorb_decode_f32,mla_absorb_decode,f32,src/compiler/codegen/Tessera_Apple_Backend/runtime/apple_gpu_runtime.mm
apple,tessera_apple_gpu_mla_absorb_decode_f32,mla_absorb_decode,f32,src/compiler/codegen/Tessera_Apple_Backend/runtime/apple_gpu_runtime_stub.cpp
apple,tessera_apple_gpu_mla_decode_bf16,mla_decode,bf16,src/compiler/codegen/Tessera_Apple_Backend/runtime/apple_gpu_runtime.mm
apple,tessera_apple_gpu_mla_decode_bf16,mla_decode,bf16,src/compiler/codegen/Tessera_Apple_Backend/runtime/apple_gpu_runtime_stub.cpp
apple,tessera_apple_gpu_mla_decode_f16,mla_decode,f16,src/compiler/codegen/Tessera_Apple_Backend/runtime/apple_gpu_runtime.mm
apple,tessera_apple_gpu_mla_decode_f16,mla_decode,f16,src/compiler/codegen/Tessera_Apple_Backend/runtime/apple_gpu_runtime_stub.cpp
apple,tessera_apple_gpu_mla_decode_f32,mla_decode,f32,src/compiler/codegen/Tessera_Apple_Backend/runtime/apple_gpu_runtime.mm
apple,tessera_apple_gpu_mla_decode_f32,mla_decode,f32,src/compiler/codegen/Tessera_Apple_Backend/runtime/apple_gpu_runtime_stub.cpp
apple,tessera_apple_gpu_mla_decode_rope_bf16,mla_decode_rope,bf16,src/compiler/codegen/Tessera_Apple_Backend/runtime/apple_gpu_runtime.mm
apple,tessera_apple_gpu_mla_decode_rope_bf16,mla_decode_rope,bf16,src/compiler/codegen/Tessera_Apple_Backend/runtime/apple_gpu_runtime_stub.cpp
apple,tessera_apple_gpu_mla_decode_rope_f16,mla_decode_rope,f16,src/compiler/codegen/Tessera_Apple_Backend/runtime/apple_gpu_runtime.mm
apple,tessera_apple_gpu_mla_decode_rope_f16,mla_decode_rope,f16,src/compiler/codegen/Tessera_Apple_Backend/runtime/apple_gpu_runtime_stub.cpp
apple,tessera_apple_gpu_mla_decode_rope_f32,mla_decode_rope,f32,src/compiler/codegen/Tessera_Apple_Backend/runtime/apple_gpu_runtime.mm
apple,tessera_apple_gpu_mla_decode_rope_f32,mla_decode_rope,f32,src/compiler/codegen/Tessera_Apple_Backend/runtime/apple_gpu_runtime_stub.cpp
apple,tessera_apple_gpu_mlpkg_argument_table_ready,mlpkg_argument_table_ready,,src/compiler/codegen/Tessera_Apple_Backend/runtime/apple_gpu_runtime.mm
apple,tessera_apple_gpu_mlpkg_argument_table_ready,mlpkg_argument_table_ready,,src/compiler/codegen/Tessera_Apple_Backend/runtime/apple_gpu_runtime_stub.cpp
apple,tessera_apple_gpu_mlpkg_author_chain,mlpkg_author_chain,,src/compiler/codegen/Tessera_Apple_Backend/runtime/apple_gpu_runtime.mm
apple,tessera_apple_gpu_mlpkg_author_chain,mlpkg_author_chain,,src/compiler/codegen/Tessera_Apple_Backend/runtime/apple_gpu_runtime_stub.cpp
apple,tessera_apple_gpu_mlpkg_author_graph,mlpkg_author_graph,,src/compiler/codegen/Tessera_Apple_Backend/runtime/apple_gpu_runtime.mm
apple,tessera_apple_gpu_mlpkg_author_graph,mlpkg_author_graph,,src/compiler/codegen/Tessera_Apple_Backend/runtime/apple_gpu_runtime_stub.cpp
apple,tessera_apple_gpu_mlpkg_author_matmul,mlpkg_author_matmul,,src/compiler/codegen/Tessera_Apple_Backend/runtime/apple_gpu_runtime.mm
apple,tessera_apple_gpu_mlpkg_author_matmul,mlpkg_author_matmul,,src/compiler/codegen/Tessera_Apple_Backend/runtime/apple_gpu_runtime_stub.cpp
apple,tessera_apple_gpu_mlpkg_author_op,mlpkg_author_op,,src/compiler/codegen/Tessera_Apple_Backend/runtime/apple_gpu_runtime.mm
apple,tessera_apple_gpu_mlpkg_author_op,mlpkg_author_op,,src/compiler/codegen/Tessera_Apple_Backend/runtime/apple_gpu_runtime_stub.cpp
apple,tessera_apple_gpu_mlpkg_binding_count,mlpkg_binding_count,,src/compiler/codegen/Tessera_Apple_Backend/runtime/apple_gpu_runtime.mm
apple,tessera_apple_gpu_mlpkg_binding_count,mlpkg_binding_count,,src/compiler/codegen/Tessera_Apple_Backend/runtime/apple_gpu_runtime_stub.cpp
apple,tessera_apple_gpu_mlpkg_binding_info,mlpkg_binding_info,,src/compiler/codegen/Tessera_Apple_Backend/runtime/apple_gpu_runtime.mm
apple,tessera_apple_gpu_mlpkg_binding_info,mlpkg_binding_info,,src/compiler/codegen/Tessera_Apple_Backend/runtime/apple_gpu_runtime_stub.cpp
apple,tessera_apple_gpu_mlpkg_compile,mlpkg_compile,,src/compiler/codegen/Tessera_Apple_Backend/runtime/apple_gpu_runtime.mm
apple,tessera_apple_gpu_mlpkg_compile,mlpkg_compile,,src/compiler/codegen/Tessera_Apple_Backend/runtime/apple_gpu_runtime_stub.cpp
apple,tessera_apple_gpu_mlpkg_compile_with_dims,mlpkg_compile_with_dims,,src/compiler/codegen/Tessera_Apple_Backend/runtime/apple_gpu_runtime.mm
apple,tessera_apple_gpu_mlpkg_compile_with_dims,mlpkg_compile_with_dims,,src/compiler/codegen/Tessera_Apple_Backend/runtime/apple_gpu_runtime_stub.cpp
apple,tessera_apple_gpu_mlpkg_destroy,mlpkg_destroy,,src/compiler/codegen/Tessera_Apple_Backend/runtime/apple_gpu_runtime.mm
apple,tessera_apple_gpu_mlpkg_destroy,mlpkg_destroy,,src/compiler/codegen/Tessera_Apple_Backend/runtime/apple_gpu_runtime_stub.cpp
apple,tessera_apple_gpu_mlpkg_dispatch,mlpkg_dispatch,,src/compiler/codegen/Tessera_Apple_Backend/runtime/apple_gpu_runtime.mm
apple,tessera_apple_gpu_mlpkg_dispatch,mlpkg_dispatch,,src/compiler/codegen/Tessera_Apple_Backend/runtime/apple_gpu_runtime_stub.cpp
apple,tessera_apple_gpu_mlpkg_dtype_raw_for_tag,mlpkg_dtype_raw_for_tag,,src/compiler/codegen/Tessera_Apple_Backend/runtime/apple_gpu_runtime.mm
apple,tessera_apple_gpu_mlpkg_dtype_raw_for_tag,mlpkg_dtype_raw_for_tag,,src/compiler/codegen/Tessera_Apple_Backend/runtime/apple_gpu_runtime_stub.cpp
apple,tessera_apple_gpu_mlpkg_fill_input,mlpkg_fill_input,,src/compiler/codegen/Tessera_Apple_Backend/runtime/apple_gpu_runtime.mm
apple,tessera_apple_gpu_mlpkg_fill_input,mlpkg_fill_input,,src/compiler/codegen/Tessera_Apple_Backend/runtime/apple_gpu_runtime_stub.cpp
apple,tessera_apple_gpu_mlpkg_fill_input_at,mlpkg_fill_input_at,,src/compiler/codegen/Tessera_Apple_Backend/runtime/apple_gpu_runtime.mm
apple,tessera_apple_gpu_mlpkg_fill_input_at,mlpkg_fill_input_at,,src/compiler/codegen/Tessera_Apple_Backend/runtime/apple_gpu_runtime_stub.cpp
apple,tessera_apple_gpu_mlpkg_first_function_name,mlpkg_first_function_name,,src/compiler/codegen/Tessera_Apple_Backend/runtime/apple_gpu_runtime.mm
apple,tessera_apple_gpu_mlpkg_first_function_name,mlpkg_first_function_name,,src/compiler/codegen/Tessera_Apple_Backend/runtime/apple_gpu_runtime_stub.cpp
apple,tessera_apple_gpu_mlpkg_intermediates_heap_size,mlpkg_intermediates_heap_size,,src/compiler/codegen/Tessera_Apple_Backend/runtime/apple_gpu_runtime.mm
apple,tessera_apple_gpu_mlpkg_intermediates_heap_size,mlpkg_intermediates_heap_size,,src/compiler/codegen/Tessera_Apple_Backend/runtime/apple_gpu_runtime_stub.cpp
apple,tessera_apple_gpu_mlpkg_is_compiled,mlpkg_is_compiled,,src/compiler/codegen/Tessera_Apple_Backend/runtime/apple_gpu_runtime.mm
apple,tessera_apple_gpu_mlpkg_is_compiled,mlpkg_is_compiled,,src/compiler/codegen/Tessera_Apple_Backend/runtime/apple_gpu_runtime_stub.cpp
apple,tessera_apple_gpu_mlpkg_last_error_kind,mlpkg_last_error_kind,,src/compiler/codegen/Tessera_Apple_Backend/runtime/apple_gpu_runtime.mm
apple,tessera_apple_gpu_mlpkg_last_error_kind,mlpkg_last_error_kind,,src/compiler/codegen/Tessera_Apple_Backend/runtime/apple_gpu_runtime_stub.cpp
apple,tessera_apple_gpu_mlpkg_prepare_tensors,mlpkg_prepare_tensors,,src/compiler/codegen/Tessera_Apple_Backend/runtime/apple_gpu_runtime.mm
apple,tessera_apple_gpu_mlpkg_prepare_tensors,mlpkg_prepare_tensors,,src/compiler/codegen/Tessera_Apple_Backend/runtime/apple_gpu_runtime_stub.cpp
apple,tessera_apple_gpu_mlpkg_read_output,mlpkg_read_output,,src/compiler/codegen/Tessera_Apple_Backend/runtime/apple_gpu_runtime.mm
apple,tessera_apple_gpu_mlpkg_read_output,mlpkg_read_output,,src/compiler/codegen/Tessera_Apple_Backend/runtime/apple_gpu_runtime_stub.cpp
apple,tessera_apple_gpu_mlpkg_read_output_at,mlpkg_read_output_at,,src/compiler/codegen/Tessera_Apple_Backend/runtime/apple_gpu_runtime.mm
apple,tessera_apple_gpu_mlpkg_read_output_at,mlpkg_read_output_at,,src/compiler/codegen/Tessera_Apple_Backend/runtime/apple_gpu_runtime_stub.cpp
apple,tessera_apple_gpu_mlpkg_set_aligned_strides,mlpkg_set_aligned_strides,,src/compiler/codegen/Tessera_Apple_Backend/runtime/apple_gpu_runtime.mm
apple,tessera_apple_gpu_mlpkg_set_aligned_strides,mlpkg_set_aligned_strides,,src/compiler/codegen/Tessera_Apple_Backend/runtime/apple_gpu_runtime_stub.cpp
apple,tessera_apple_gpu_moe_swiglu_f32,moe_swiglu,f32,src/compiler/codegen/Tessera_Apple_Backend/runtime/apple_gpu_runtime.mm
apple,tessera_apple_gpu_moe_swiglu_f32,moe_swiglu,f32,src/compiler/codegen/Tessera_Apple_Backend/runtime/apple_gpu_runtime_stub.cpp
apple,tessera_apple_gpu_mps_matmul_bf16,mps_matmul,bf16,src/compiler/codegen/Tessera_Apple_Backend/runtime/apple_gpu_runtime.mm
apple,tessera_apple_gpu_mps_matmul_bf16,mps_matmul,bf16,src/compiler/codegen/Tessera_Apple_Backend/runtime/apple_gpu_runtime_stub.cpp
apple,tessera_apple_gpu_mps_matmul_f16,mps_matmul,f16,src/compiler/codegen/Tessera_Apple_Backend/runtime/apple_gpu_runtime.mm
apple,tessera_apple_gpu_mps_matmul_f16,mps_matmul,f16,src/compiler/codegen/Tessera_Apple_Backend/runtime/apple_gpu_runtime_stub.cpp
apple,tessera_apple_gpu_mps_matmul_f32,mps_matmul,f32,src/compiler/codegen/Tessera_Apple_Backend/runtime/apple_gpu_runtime.mm
apple,tessera_apple_gpu_mps_matmul_f32,mps_matmul,f32,src/compiler/codegen/Tessera_Apple_Backend/runtime/apple_gpu_runtime_stub.cpp
apple,tessera_apple_gpu_mpsgraph_argreduce_f32,mpsgraph_argreduce,f32,src/compiler/codegen/Tessera_Apple_Backend/runtime/apple_gpu_runtime.mm
apple,tessera_apple_gpu_mpsgraph_argreduce_f32,mpsgraph_argreduce,f32,src/compiler/codegen/Tessera_Apple_Backend/runtime/apple_gpu_runtime_stub.cpp
apple,tessera_apple_gpu_mpsgraph_bf16_supported,mpsgraph_bf16_supported,,src/compiler/codegen/Tessera_Apple_Backend/runtime/apple_gpu_runtime.mm
apple,tessera_apple_gpu_mpsgraph_bf16_supported,mpsgraph_bf16_supported,,src/compiler/codegen/Tessera_Apple_Backend/runtime/apple_gpu_runtime_stub.cpp
apple,tessera_apple_gpu_mpsgraph_binary_bf16,mpsgraph_binary,bf16,src/compiler/codegen/Tessera_Apple_Backend/runtime/apple_gpu_runtime.mm
apple,tessera_apple_gpu_mpsgraph_binary_bf16,mpsgraph_binary,bf16,src/compiler/codegen/Tessera_Apple_Backend/runtime/apple_gpu_runtime_stub.cpp
apple,tessera_apple_gpu_mpsgraph_binary_f16,mpsgraph_binary,f16,src/compiler/codegen/Tessera_Apple_Backend/runtime/apple_gpu_runtime.mm
apple,tessera_apple_gpu_mpsgraph_binary_f16,mpsgraph_binary,f16,src/compiler/codegen/Tessera_Apple_Backend/runtime/apple_gpu_runtime_stub.cpp
apple,tessera_apple_gpu_mpsgraph_binary_f32,mpsgraph_binary,f32,src/compiler/codegen/Tessera_Apple_Backend/runtime/apple_gpu_runtime.mm
apple,tessera_apple_gpu_mpsgraph_binary_f32,mpsgraph_binary,f32,src/compiler/codegen/Tessera_Apple_Backend/runtime/apple_gpu_runtime_stub.cpp
apple,tessera_apple_gpu_mpsgraph_bsmm_f16,mpsgraph_bsmm,f16,src/compiler/codegen/Tessera_Apple_Backend/runtime/apple_gpu_runtime.mm
apple,tessera_apple_gpu_mpsgraph_bsmm_f16,mpsgraph_bsmm,f16,src/compiler/codegen/Tessera_Apple_Backend/runtime/apple_gpu_runtime_stub.cpp
apple,tessera_apple_gpu_mpsgraph_bsmm_f32,mpsgraph_bsmm,f32,src/compiler/codegen/Tessera_Apple_Backend/runtime/apple_gpu_runtime.mm
apple,tessera_apple_gpu_mpsgraph_bsmm_f32,mpsgraph_bsmm,f32,src/compiler/codegen/Tessera_Apple_Backend/runtime/apple_gpu_runtime_stub.cpp
apple,tessera_apple_gpu_mpsgraph_cache_capacity,mpsgraph_cache_capacity,,src/compiler/codegen/Tessera_Apple_Backend/runtime/apple_gpu_runtime.mm
apple,tessera_apple_gpu_mpsgraph_cache_evictions,mpsgraph_cache_evictions,,src/compiler/codegen/Tessera_Apple_Backend/runtime/apple_gpu_runtime.mm
apple,tessera_apple_gpu_mpsgraph_cache_size,mpsgraph_cache_size,,src/compiler/codegen/Tessera_Apple_Backend/runtime/apple_gpu_runtime.mm
apple,tessera_apple_gpu_mpsgraph_cache_size,mpsgraph_cache_size,,src/compiler/codegen/Tessera_Apple_Backend/runtime/apple_gpu_runtime_stub.cpp
apple,tessera_apple_gpu_mpsgraph_reduce_f32,mpsgraph_reduce,f32,src/compiler/codegen/Tessera_Apple_Backend/runtime/apple_gpu_runtime.mm
apple,tessera_apple_gpu_mpsgraph_reduce_f32,mpsgraph_reduce,f32,src/compiler/codegen/Tessera_Apple_Backend/runtime/apple_gpu_runtime_stub.cpp
apple,tessera_apple_gpu_mpsgraph_scan_f32,mpsgraph_scan,f32,src/compiler/codegen/Tessera_Apple_Backend/runtime/apple_gpu_runtime.mm
apple,tessera_apple_gpu_mpsgraph_scan_f32,mpsgraph_scan,f32,src/compiler/codegen/Tessera_Apple_Backend/runtime/apple_gpu_runtime_stub.cpp
apple,tessera_apple_gpu_mpsgraph_softmax_f16,mpsgraph_softmax,f16,src/compiler/codegen/Tessera_Apple_Backend/runtime/apple_gpu_runtime.mm
apple,tessera_apple_gpu_mpsgraph_softmax_f16,mpsgraph_softmax,f16,src/compiler/codegen/Tessera_Apple_Backend/runtime/apple_gpu_runtime_stub.cpp
apple,tessera_apple_gpu_mpsgraph_softmax_f32,mpsgraph_softmax,f32,src/compiler/codegen/Tessera_Apple_Backend/runtime/apple_gpu_runtime.mm
apple,tessera_apple_gpu_mpsgraph_softmax_f32,mpsgraph_softmax,f32,src/compiler/codegen/Tessera_Apple_Backend/runtime/apple_gpu_runtime_stub.cpp
apple,tessera_apple_gpu_mpsgraph_unary_bf16,mpsgraph_unary,bf16,src/compiler/codegen/Tessera_Apple_Backend/runtime/apple_gpu_runtime.mm
apple,tessera_apple_gpu_mpsgraph_unary_bf16,mpsgraph_unary,bf16,src/compiler/codegen/Tessera_Apple_Backend/runtime/apple_gpu_runtime_stub.cpp
apple,tessera_apple_gpu_mpsgraph_unary_f16,mpsgraph_unary,f16,src/compiler/codegen/Tessera_Apple_Backend/runtime/apple_gpu_runtime.mm
apple,tessera_apple_gpu_mpsgraph_unary_f16,mpsgraph_unary,f16,src/compiler/codegen/Tessera_Apple_Backend/runtime/apple_gpu_runtime_stub.cpp
apple,tessera_apple_gpu_mpsgraph_unary_f32,mpsgraph_unary,f32,src/compiler/codegen/Tessera_Apple_Backend/runtime/apple_gpu_runtime.mm
apple,tessera_apple_gpu_mpsgraph_unary_f32,mpsgraph_unary,f32,src/compiler/codegen/Tessera_Apple_Backend/runtime/apple_gpu_runtime_stub.cpp
apple,tessera_apple_gpu_msl_spec_accept,msl_spec_accept,,src/compiler/codegen/Tessera_Apple_Backend/runtime/apple_gpu_runtime.mm
apple,tessera_apple_gpu_msl_spec_accept,msl_spec_accept,,src/compiler/codegen/Tessera_Apple_Backend/runtime/apple_gpu_runtime_stub.cpp
apple,tessera_apple_gpu_mtl4_archive_enable,mtl4_archive_enable,,src/compiler/codegen/Tessera_Apple_Backend/runtime/apple_gpu_runtime.mm
apple,tessera_apple_gpu_mtl4_archive_enable,mtl4_archive_enable,,src/compiler/codegen/Tessera_Apple_Backend/runtime/apple_gpu_runtime_stub.cpp
apple,tessera_apple_gpu_mtl4_archive_flush,mtl4_archive_flush,,src/compiler/codegen/Tessera_Apple_Backend/runtime/apple_gpu_runtime.mm
apple,tessera_apple_gpu_mtl4_archive_flush,mtl4_archive_flush,,src/compiler/codegen/Tessera_Apple_Backend/runtime/apple_gpu_runtime_stub.cpp
apple,tessera_apple_gpu_mtl4_archive_state,mtl4_archive_state,,src/compiler/codegen/Tessera_Apple_Backend/runtime/apple_gpu_runtime.mm
apple,tessera_apple_gpu_mtl4_archive_state,mtl4_archive_state,,src/compiler/codegen/Tessera_Apple_Backend/runtime/apple_gpu_runtime_stub.cpp
apple,tessera_apple_gpu_mtl4_conv2d_bf16,mtl4_conv2d,bf16,src/compiler/codegen/Tessera_Apple_Backend/runtime/apple_gpu_runtime.mm
apple,tessera_apple_gpu_mtl4_conv2d_bf16,mtl4_conv2d,bf16,src/compiler/codegen/Tessera_Apple_Backend/runtime/apple_gpu_runtime_stub.cpp
apple,tessera_apple_gpu_mtl4_conv2d_f16,mtl4_conv2d,f16,src/compiler/codegen/Tessera_Apple_Backend/runtime/apple_gpu_runtime.mm
apple,tessera_apple_gpu_mtl4_conv2d_f16,mtl4_conv2d,f16,src/compiler/codegen/Tessera_Apple_Backend/runtime/apple_gpu_runtime_stub.cpp
apple,tessera_apple_gpu_mtl4_matmul2d_bf16,mtl4_matmul2d,bf16,src/compiler/codegen/Tessera_Apple_Backend/runtime/apple_gpu_runtime.mm
apple,tessera_apple_gpu_mtl4_matmul2d_bf16,mtl4_matmul2d,bf16,src/compiler/codegen/Tessera_Apple_Backend/runtime/apple_gpu_runtime_stub.cpp
apple,tessera_apple_gpu_mtl4_matmul2d_dev,mtl4_matmul2d_dev,,src/compiler/codegen/Tessera_Apple_Backend/runtime/apple_gpu_runtime.mm
apple,tessera_apple_gpu_mtl4_matmul2d_dev,mtl4_matmul2d_dev,,src/compiler/codegen/Tessera_Apple_Backend/runtime/apple_gpu_runtime_stub.cpp
apple,tessera_apple_gpu_mtl4_matmul2d_epilogue_bf16,mtl4_matmul2d_epilogue,bf16,src/compiler/codegen/Tessera_Apple_Backend/runtime/apple_gpu_runtime.mm
apple,tessera_apple_gpu_mtl4_matmul2d_epilogue_bf16,mtl4_matmul2d_epilogue,bf16,src/compiler/codegen/Tessera_Apple_Backend/runtime/apple_gpu_runtime_stub.cpp
apple,tessera_apple_gpu_mtl4_matmul2d_epilogue_f16,mtl4_matmul2d_epilogue,f16,src/compiler/codegen/Tessera_Apple_Backend/runtime/apple_gpu_runtime.mm
apple,tessera_apple_gpu_mtl4_matmul2d_epilogue_f16,mtl4_matmul2d_epilogue,f16,src/compiler/codegen/Tessera_Apple_Backend/runtime/apple_gpu_runtime_stub.cpp
apple,tessera_apple_gpu_mtl4_matmul2d_f16,mtl4_matmul2d,f16,src/compiler/codegen/Tessera_Apple_Backend/runtime/apple_gpu_runtime.mm
apple,tessera_apple_gpu_mtl4_matmul2d_f16,mtl4_matmul2d,f16,src/compiler/codegen/Tessera_Apple_Backend/runtime/apple_gpu_runtime_stub.cpp
apple,tessera_apple_gpu_mtl4_matmul_sg_f32,mtl4_matmul_sg,f32,src/compiler/codegen/Tessera_Apple_Backend/runtime/apple_gpu_runtime.mm
apple,tessera_apple_gpu_mtl4_matmul_sg_f32,mtl4_matmul_sg,f32,src/compiler/codegen/Tessera_Apple_Backend/runtime/apple_gpu_runtime_stub.cpp
apple,tessera_apple_gpu_mtl4_mlp_session_create,mtl4_mlp_session_create,,src/compiler/codegen/Tessera_Apple_Backend/runtime/apple_gpu_runtime.mm
apple,tessera_apple_gpu_mtl4_mlp_session_create,mtl4_mlp_session_create,,src/compiler/codegen/Tessera_Apple_Backend/runtime/apple_gpu_runtime_stub.cpp
apple,tessera_apple_gpu_mtl4_mlp_session_destroy,mtl4_mlp_session_destroy,,src/compiler/codegen/Tessera_Apple_Backend/runtime/apple_gpu_runtime.mm
apple,tessera_apple_gpu_mtl4_mlp_session_destroy,mtl4_mlp_session_destroy,,src/compiler/codegen/Tessera_Apple_Backend/runtime/apple_gpu_runtime_stub.cpp
apple,tessera_apple_gpu_mtl4_mlp_session_run,mtl4_mlp_session_run,,src/compiler/codegen/Tessera_Apple_Backend/runtime/apple_gpu_runtime.mm
apple,tessera_apple_gpu_mtl4_mlp_session_run,mtl4_mlp_session_run,,src/compiler/codegen/Tessera_Apple_Backend/runtime/apple_gpu_runtime_stub.cpp
apple,tessera_apple_gpu_mtl4_mlp_session_run_dev,mtl4_mlp_session_run_dev,,src/compiler/codegen/Tessera_Apple_Backend/runtime/apple_gpu_runtime.mm
apple,tessera_apple_gpu_mtl4_mlp_session_run_dev,mtl4_mlp_session_run_dev,,src/compiler/codegen/Tessera_Apple_Backend/runtime/apple_gpu_runtime_stub.cpp
apple,tessera_apple_gpu_mtl4_scan_f32,mtl4_scan,f32,src/compiler/codegen/Tessera_Apple_Backend/runtime/apple_gpu_runtime.mm
apple,tessera_apple_gpu_mtl4_scan_f32,mtl4_scan,f32,src/compiler/codegen/Tessera_Apple_Backend/runtime/apple_gpu_runtime_stub.cpp
apple,tessera_apple_gpu_native_sparse_attn_f32,native_sparse_attn,f32,src/compiler/codegen/Tessera_Apple_Backend/runtime/apple_gpu_runtime.mm
apple,tessera_apple_gpu_native_sparse_attn_f32,native_sparse_attn,f32,src/compiler/codegen/Tessera_Apple_Backend/runtime/apple_gpu_runtime_stub.cpp
apple,tessera_apple_gpu_native_sparse_attn_last_path,native_sparse_attn_last_path,,src/compiler/codegen/Tessera_Apple_Backend/runtime/apple_gpu_runtime.mm
apple,tessera_apple_gpu_native_sparse_attn_last_path,native_sparse_attn_last_path,,src/compiler/codegen/Tessera_Apple_Backend/runtime/apple_gpu_runtime_stub.cpp
apple,tessera_apple_gpu_popcount_i32,popcount,i32,src/compiler/codegen/Tessera_Apple_Backend/runtime/apple_gpu_runtime.mm
apple,tessera_apple_gpu_popcount_i32,popcount,i32,src/compiler/codegen/Tessera_Apple_Backend/runtime/apple_gpu_runtime_stub.cpp
apple,tessera_apple_gpu_ppo_policy_loss_ex_f32,ppo_policy_loss_ex,f32,src/compiler/codegen/Tessera_Apple_Backend/runtime/apple_gpu_runtime.mm
apple,tessera_apple_gpu_ppo_policy_loss_ex_f32,ppo_policy_loss_ex,f32,src/compiler/codegen/Tessera_Apple_Backend/runtime/apple_gpu_runtime_stub.cpp
apple,tessera_apple_gpu_ppo_policy_loss_f32,ppo_policy_loss,f32,src/compiler/codegen/Tessera_Apple_Backend/runtime/apple_gpu_runtime.mm
apple,tessera_apple_gpu_ppo_policy_loss_f32,ppo_policy_loss,f32,src/compiler/codegen/Tessera_Apple_Backend/runtime/apple_gpu_runtime_stub.cpp
apple,tessera_apple_gpu_random_normal_f32,random_normal,f32,src/compiler/codegen/Tessera_Apple_Backend/runtime/apple_gpu_runtime.mm
apple,tessera_apple_gpu_random_normal_f32,random_normal,f32,src/compiler/codegen/Tessera_Apple_Backend/runtime/apple_gpu_runtime_stub.cpp
apple,tessera_apple_gpu_random_uniform_f32,random_uniform,f32,src/compiler/codegen/Tessera_Apple_Backend/runtime/apple_gpu_runtime.mm
apple,tessera_apple_gpu_random_uniform_f32,random_uniform,f32,src/compiler/codegen/Tessera_Apple_Backend/runtime/apple_gpu_runtime_stub.cpp
apple,tessera_apple_gpu_rmsnorm_dev_bf16_enc,rmsnorm_dev_bf16_enc,,src/compiler/codegen/Tessera_Apple_Backend/runtime/apple_gpu_runtime.mm
apple,tessera_apple_gpu_rmsnorm_dev_bf16_enc,rmsnorm_dev_bf16_enc,,src/compiler/codegen/Tessera_Apple_Backend/runtime/apple_gpu_runtime_stub.cpp
apple,tessera_apple_gpu_rmsnorm_dev_f16_enc,rmsnorm_dev_f16_enc,,src/compiler/codegen/Tessera_Apple_Backend/runtime/apple_gpu_runtime.mm
apple,tessera_apple_gpu_rmsnorm_dev_f16_enc,rmsnorm_dev_f16_enc,,src/compiler/codegen/Tessera_Apple_Backend/runtime/apple_gpu_runtime_stub.cpp
apple,tessera_apple_gpu_rmsnorm_dev_f32_enc,rmsnorm_dev_f32_enc,,src/compiler/codegen/Tessera_Apple_Backend/runtime/apple_gpu_runtime.mm
apple,tessera_apple_gpu_rmsnorm_dev_f32_enc,rmsnorm_dev_f32_enc,,src/compiler/codegen/Tessera_Apple_Backend/runtime/apple_gpu_runtime_stub.cpp
apple,tessera_apple_gpu_rmsnorm_gpu_bf16,rmsnorm_gpu,bf16,src/compiler/codegen/Tessera_Apple_Backend/runtime/apple_gpu_runtime.mm
apple,tessera_apple_gpu_rmsnorm_gpu_bf16,rmsnorm_gpu,bf16,src/compiler/codegen/Tessera_Apple_Backend/runtime/apple_gpu_runtime_stub.cpp
apple,tessera_apple_gpu_rmsnorm_gpu_f16,rmsnorm_gpu,f16,src/compiler/codegen/Tessera_Apple_Backend/runtime/apple_gpu_runtime.mm
apple,tessera_apple_gpu_rmsnorm_gpu_f16,rmsnorm_gpu,f16,src/compiler/codegen/Tessera_Apple_Backend/runtime/apple_gpu_runtime_stub.cpp
apple,tessera_apple_gpu_rmsnorm_gpu_f32,rmsnorm_gpu,f32,src/compiler/codegen/Tessera_Apple_Backend/runtime/apple_gpu_runtime.mm
apple,tessera_apple_gpu_rmsnorm_gpu_f32,rmsnorm_gpu,f32,src/compiler/codegen/Tessera_Apple_Backend/runtime/apple_gpu_runtime_stub.cpp
apple,tessera_apple_gpu_rmsnorm_matmul_f32,rmsnorm_matmul,f32,src/compiler/codegen/Tessera_Apple_Backend/runtime/apple_gpu_runtime.mm
apple,tessera_apple_gpu_rmsnorm_matmul_f32,rmsnorm_matmul,f32,src/compiler/codegen/Tessera_Apple_Backend/runtime/apple_gpu_runtime_stub.cpp
apple,tessera_apple_gpu_rope_bf16,rope,bf16,src/compiler/codegen/Tessera_Apple_Backend/runtime/apple_gpu_runtime.mm
apple,tessera_apple_gpu_rope_bf16,rope,bf16,src/compiler/codegen/Tessera_Apple_Backend/runtime/apple_gpu_runtime_stub.cpp
apple,tessera_apple_gpu_rope_dev_bf16_enc,rope_dev_bf16_enc,,src/compiler/codegen/Tessera_Apple_Backend/runtime/apple_gpu_runtime.mm
apple,tessera_apple_gpu_rope_dev_bf16_enc,rope_dev_bf16_enc,,src/compiler/codegen/Tessera_Apple_Backend/runtime/apple_gpu_runtime_stub.cpp
apple,tessera_apple_gpu_rope_dev_f16_enc,rope_dev_f16_enc,,src/compiler/codegen/Tessera_Apple_Backend/runtime/apple_gpu_runtime.mm
apple,tessera_apple_gpu_rope_dev_f16_enc,rope_dev_f16_enc,,src/compiler/codegen/Tessera_Apple_Backend/runtime/apple_gpu_runtime_stub.cpp
apple,tessera_apple_gpu_rope_dev_f32_enc,rope_dev_f32_enc,,src/compiler/codegen/Tessera_Apple_Backend/runtime/apple_gpu_runtime.mm
apple,tessera_apple_gpu_rope_dev_f32_enc,rope_dev_f32_enc,,src/compiler/codegen/Tessera_Apple_Backend/runtime/apple_gpu_runtime_stub.cpp
apple,tessera_apple_gpu_rope_f16,rope,f16,src/compiler/codegen/Tessera_Apple_Backend/runtime/apple_gpu_runtime.mm
apple,tessera_apple_gpu_rope_f16,rope,f16,src/compiler/codegen/Tessera_Apple_Backend/runtime/apple_gpu_runtime_stub.cpp
apple,tessera_apple_gpu_rope_f32,rope,f32,src/compiler/codegen/Tessera_Apple_Backend/runtime/apple_gpu_runtime.mm
apple,tessera_apple_gpu_rope_f32,rope,f32,src/compiler/codegen/Tessera_Apple_Backend/runtime/apple_gpu_runtime_stub.cpp
apple,tessera_apple_gpu_row_major_strides,row_major_strides,,src/compiler/codegen/Tessera_Apple_Backend/runtime/apple_gpu_runtime.mm
apple,tessera_apple_gpu_row_major_strides,row_major_strides,,src/compiler/codegen/Tessera_Apple_Backend/runtime/apple_gpu_runtime_stub.cpp
apple,tessera_apple_gpu_row_major_strides_aligned,row_major_strides_aligned,,src/compiler/codegen/Tessera_Apple_Backend/runtime/apple_gpu_runtime.mm
apple,tessera_apple_gpu_row_major_strides_aligned,row_major_strides_aligned,,src/compiler/codegen/Tessera_Apple_Backend/runtime/apple_gpu_runtime_stub.cpp
apple,tessera_apple_gpu_rowop_dev_f32,rowop_dev,f32,src/compiler/codegen/Tessera_Apple_Backend/runtime/apple_gpu_runtime.mm
apple,tessera_apple_gpu_rowop_dev_f32,rowop_dev,f32,src/compiler/codegen/Tessera_Apple_Backend/runtime/apple_gpu_runtime_stub.cpp
apple,tessera_apple_gpu_rowop_dev_f32_enc,rowop_dev_f32_enc,,src/compiler/codegen/Tessera_Apple_Backend/runtime/apple_gpu_runtime.mm
apple,tessera_apple_gpu_rowop_dev_f32_enc,rowop_dev_f32_enc,,src/compiler/codegen/Tessera_Apple_Backend/runtime/apple_gpu_runtime_stub.cpp
apple,tessera_apple_gpu_run_graph_cond_f16,run_graph_cond,f16,src/compiler/codegen/Tessera_Apple_Backend/runtime/apple_gpu_runtime.mm
apple,tessera_apple_gpu_run_graph_cond_f16,run_graph_cond,f16,src/compiler/codegen/Tessera_Apple_Backend/runtime/apple_gpu_runtime_stub.cpp
apple,tessera_apple_gpu_run_graph_cond_f32,run_graph_cond,f32,src/compiler/codegen/Tessera_Apple_Backend/runtime/apple_gpu_runtime.mm
apple,tessera_apple_gpu_run_graph_cond_f32,run_graph_cond,f32,src/compiler/codegen/Tessera_Apple_Backend/runtime/apple_gpu_runtime_stub.cpp
apple,tessera_apple_gpu_run_graph_loop_f16,run_graph_loop,f16,src/compiler/codegen/Tessera_Apple_Backend/runtime/apple_gpu_runtime.mm
apple,tessera_apple_gpu_run_graph_loop_f16,run_graph_loop,f16,src/compiler/codegen/Tessera_Apple_Backend/runtime/apple_gpu_runtime_stub.cpp
apple,tessera_apple_gpu_run_graph_loop_f32,run_graph_loop,f32,src/compiler/codegen/Tessera_Apple_Backend/runtime/apple_gpu_runtime.mm
apple,tessera_apple_gpu_run_graph_loop_f32,run_graph_loop,f32,src/compiler/codegen/Tessera_Apple_Backend/runtime/apple_gpu_runtime_stub.cpp
apple,tessera_apple_gpu_run_graph_scan_f32,run_graph_scan,f32,src/compiler/codegen/Tessera_Apple_Backend/runtime/apple_gpu_runtime.mm
apple,tessera_apple_gpu_run_graph_scan_f32,run_graph_scan,f32,src/compiler/codegen/Tessera_Apple_Backend/runtime/apple_gpu_runtime_stub.cpp
apple,tessera_apple_gpu_run_graph_while_f16,run_graph_while,f16,src/compiler/codegen/Tessera_Apple_Backend/runtime/apple_gpu_runtime.mm
apple,tessera_apple_gpu_run_graph_while_f16,run_graph_while,f16,src/compiler/codegen/Tessera_Apple_Backend/runtime/apple_gpu_runtime_stub.cpp
apple,tessera_apple_gpu_run_graph_while_f32,run_graph_while,f32,src/compiler/codegen/Tessera_Apple_Backend/runtime/apple_gpu_runtime.mm
apple,tessera_apple_gpu_run_graph_while_f32,run_graph_while,f32,src/compiler/codegen/Tessera_Apple_Backend/runtime/apple_gpu_runtime_stub.cpp
apple,tessera_apple_gpu_runtime_has_metal,runtime_has_metal,,src/compiler/codegen/Tessera_Apple_Backend/runtime/apple_gpu_runtime.mm
apple,tessera_apple_gpu_runtime_has_metal,runtime_has_metal,,src/compiler/codegen/Tessera_Apple_Backend/runtime/apple_gpu_runtime_stub.cpp
apple,tessera_apple_gpu_runtime_msl_cache_size,runtime_msl_cache_size,,src/compiler/codegen/Tessera_Apple_Backend/runtime/apple_gpu_runtime.mm
apple,tessera_apple_gpu_runtime_msl_cache_size,runtime_msl_cache_size,,src/compiler/codegen/Tessera_Apple_Backend/runtime/apple_gpu_runtime_stub.cpp
apple,tessera_apple_gpu_session_commit_count,session_commit_count,,src/compiler/codegen/Tessera_Apple_Backend/runtime/apple_gpu_runtime.mm
apple,tessera_apple_gpu_session_commit_count,session_commit_count,,src/compiler/codegen/Tessera_Apple_Backend/runtime/apple_gpu_runtime_stub.cpp
apple,tessera_apple_gpu_simd_caps,simd_caps,,src/compiler/codegen/Tessera_Apple_Backend/runtime/apple_gpu_runtime.mm
apple,tessera_apple_gpu_simd_caps,simd_caps,,src/compiler/codegen/Tessera_Apple_Backend/runtime/apple_gpu_runtime_stub.cpp
apple,tessera_apple_gpu_softmax_bf16,softmax,bf16,src/compiler/codegen/Tessera_Apple_Backend/runtime/apple_gpu_runtime.mm
apple,tessera_apple_gpu_softmax_bf16,softmax,bf16,src/compiler/codegen/Tessera_Apple_Backend/runtime/apple_gpu_runtime_stub.cpp
apple,tessera_apple_gpu_softmax_dev_bf16_enc,softmax_dev_bf16_enc,,src/compiler/codegen/Tessera_Apple_Backend/runtime/apple_gpu_runtime.mm
apple,tessera_apple_gpu_softmax_dev_bf16_enc,softmax_dev_bf16_enc,,src/compiler/codegen/Tessera_Apple_Backend/runtime/apple_gpu_runtime_stub.cpp
apple,tessera_apple_gpu_softmax_dev_f16_enc,softmax_dev_f16_enc,,src/compiler/codegen/Tessera_Apple_Backend/runtime/apple_gpu_runtime.mm
apple,tessera_apple_gpu_softmax_dev_f16_enc,softmax_dev_f16_enc,,src/compiler/codegen/Tessera_Apple_Backend/runtime/apple_gpu_runtime_stub.cpp
apple,tessera_apple_gpu_softmax_dev_f32_enc,softmax_dev_f32_enc,,src/compiler/codegen/Tessera_Apple_Backend/runtime/apple_gpu_runtime.mm
apple,tessera_apple_gpu_softmax_dev_f32_enc,softmax_dev_f32_enc,,src/compiler/codegen/Tessera_Apple_Backend/runtime/apple_gpu_runtime_stub.cpp
apple,tessera_apple_gpu_softmax_f16,softmax,f16,src/compiler/codegen/Tessera_Apple_Backend/runtime/apple_gpu_runtime.mm
apple,tessera_apple_gpu_softmax_f16,softmax,f16,src/compiler/codegen/Tessera_Apple_Backend/runtime/apple_gpu_runtime_stub.cpp
apple,tessera_apple_gpu_softmax_f32,softmax,f32,src/compiler/codegen/Tessera_Apple_Backend/runtime/apple_gpu_runtime.mm
apple,tessera_apple_gpu_softmax_f32,softmax,f32,src/compiler/codegen/Tessera_Apple_Backend/runtime/apple_gpu_runtime_stub.cpp
apple,tessera_apple_gpu_solve_cholesky_f32,solve_cholesky,f32,src/compiler/codegen/Tessera_Apple_Backend/runtime/apple_gpu_runtime.mm
apple,tessera_apple_gpu_solve_cholesky_f32,solve_cholesky,f32,src/compiler/codegen/Tessera_Apple_Backend/runtime/apple_gpu_runtime_stub.cpp
apple,tessera_apple_gpu_solve_lu_f32,solve_lu,f32,src/compiler/codegen/Tessera_Apple_Backend/runtime/apple_gpu_runtime.mm
apple,tessera_apple_gpu_solve_lu_f32,solve_lu,f32,src/compiler/codegen/Tessera_Apple_Backend/runtime/apple_gpu_runtime_stub.cpp
apple,tessera_apple_gpu_spike_conv2d_multi_tile_f16,spike_conv2d_multi_tile,f16,src/compiler/codegen/Tessera_Apple_Backend/runtime/apple_gpu_runtime.mm
apple,tessera_apple_gpu_spike_conv2d_single_tile_f16,spike_conv2d_single_tile,f16,src/compiler/codegen/Tessera_Apple_Backend/runtime/apple_gpu_runtime.mm
apple,tessera_apple_gpu_svd_batched_f32,svd_batched,f32,src/compiler/codegen/Tessera_Apple_Backend/runtime/apple_gpu_runtime.mm
apple,tessera_apple_gpu_svd_batched_f32,svd_batched,f32,src/compiler/codegen/Tessera_Apple_Backend/runtime/apple_gpu_runtime_stub.cpp
apple,tessera_apple_gpu_svd_bl_batched_f32,svd_bl_batched,f32,src/compiler/codegen/Tessera_Apple_Backend/runtime/apple_gpu_runtime.mm
apple,tessera_apple_gpu_svd_bl_batched_f32,svd_bl_batched,f32,src/compiler/codegen/Tessera_Apple_Backend/runtime/apple_gpu_runtime_stub.cpp
apple,tessera_apple_gpu_svd_f32,svd,f32,src/compiler/codegen/Tessera_Apple_Backend/runtime/apple_gpu_runtime.mm
apple,tessera_apple_gpu_svd_f32,svd,f32,src/compiler/codegen/Tessera_Apple_Backend/runtime/apple_gpu_runtime_stub.cpp
apple,tessera_apple_gpu_swiglu_bf16,swiglu,bf16,src/compiler/codegen/Tessera_Apple_Backend/runtime/apple_gpu_runtime.mm
apple,tessera_apple_gpu_swiglu_bf16,swiglu,bf16,src/compiler/codegen/Tessera_Apple_Backend/runtime/apple_gpu_runtime_stub.cpp
apple,tessera_apple_gpu_swiglu_f16,swiglu,f16,src/compiler/codegen/Tessera_Apple_Backend/runtime/apple_gpu_runtime.mm
apple,tessera_apple_gpu_swiglu_f16,swiglu,f16,src/compiler/codegen/Tessera_Apple_Backend/runtime/apple_gpu_runtime_stub.cpp
apple,tessera_apple_gpu_swiglu_f32,swiglu,f32,src/compiler/codegen/Tessera_Apple_Backend/runtime/apple_gpu_runtime.mm
apple,tessera_apple_gpu_swiglu_f32,swiglu,f32,src/compiler/codegen/Tessera_Apple_Backend/runtime/apple_gpu_runtime_stub.cpp
apple,tessera_apple_gpu_tri_solve_batched_f32,tri_solve_batched,f32,src/compiler/codegen/Tessera_Apple_Backend/runtime/apple_gpu_runtime.mm
apple,tessera_apple_gpu_tri_solve_batched_f32,tri_solve_batched,f32,src/compiler/codegen/Tessera_Apple_Backend/runtime/apple_gpu_runtime_stub.cpp
apple,tessera_apple_gpu_tri_solve_f32,tri_solve,f32,src/compiler/codegen/Tessera_Apple_Backend/runtime/apple_gpu_runtime.mm
apple,tessera_apple_gpu_tri_solve_f32,tri_solve,f32,src/compiler/codegen/Tessera_Apple_Backend/runtime/apple_gpu_runtime_stub.cpp
apple,tessera_apple_gpu_unary_dev_bf16_enc,unary_dev_bf16_enc,,src/compiler/codegen/Tessera_Apple_Backend/runtime/apple_gpu_runtime.mm
apple,tessera_apple_gpu_unary_dev_bf16_enc,unary_dev_bf16_enc,,src/compiler/codegen/Tessera_Apple_Backend/runtime/apple_gpu_runtime_stub.cpp
apple,tessera_apple_gpu_unary_dev_f16_enc,unary_dev_f16_enc,,src/compiler/codegen/Tessera_Apple_Backend/runtime/apple_gpu_runtime.mm
apple,tessera_apple_gpu_unary_dev_f16_enc,unary_dev_f16_enc,,src/compiler/codegen/Tessera_Apple_Backend/runtime/apple_gpu_runtime_stub.cpp
apple,tessera_apple_gpu_unary_dev_f32_enc,unary_dev_f32_enc,,src/compiler/codegen/Tessera_Apple_Backend/runtime/apple_gpu_runtime.mm
apple,tessera_apple_gpu_unary_dev_f32_enc,unary_dev_f32_enc,,src/compiler/codegen/Tessera_Apple_Backend/runtime/apple_gpu_runtime_stub.cpp
apple,tessera_apple_gpu_z_loss_f32,z_loss,f32,src/compiler/codegen/Tessera_Apple_Backend/runtime/apple_gpu_runtime.mm
apple,tessera_apple_gpu_z_loss_f32,z_loss,f32,src/compiler/codegen/Tessera_Apple_Backend/runtime/apple_gpu_runtime_stub.cpp
nvidia,tessera_gpu_available,gpu_available,,src/compiler/codegen/tessera_gpu_backend_NVIDIA/include/tessera/gpu/target.h
nvidia,tessera_gpu_available,gpu_available,,src/compiler/codegen/tessera_gpu_backend_NVIDIA/src/backend_gpu.cpp
nvidia,tessera_gpu_imma_int8,gpu_imma,int8,src/compiler/codegen/tessera_gpu_backend_NVIDIA/src/backend_gpu.cpp
nvidia,tessera_gpu_wgmma_bf16,gpu_wgmma,bf16,src/compiler/codegen/tessera_gpu_backend_NVIDIA/src/backend_gpu.cpp
x86,tessera_x86_amx_available,amx_available,,src/compiler/codegen/tessera_x86_backend/include/tessera/x86/target.h
x86,tessera_x86_amx_available,amx_available,,src/compiler/codegen/tessera_x86_backend/src/backend_x86.cpp
x86,tessera_x86_amx_gemm_bf16,amx_gemm,bf16,src/compiler/codegen/tessera_x86_backend/src/kernels/amx_gemm_bf16.cpp
x86,tessera_x86_amx_gemm_s8s8_s32,amx_gemm_s8s8_s32,,src/compiler/codegen/tessera_x86_backend/include/tessera/x86/target.h
x86,tessera_x86_amx_gemm_s8s8_s32,amx_gemm_s8s8_s32,,src/compiler/codegen/tessera_x86_backend/src/kernels/amx_gemm_int8.cpp
x86,tessera_x86_avx512_gemm_bf16,avx512_gemm,bf16,src/compiler/codegen/tessera_x86_backend/src/kernels/avx512_gemm_bf16.cpp
x86,tessera_x86_avx512_vnni_gemm_u8s8_s32,avx512_vnni_gemm_u8s8_s32,,src/compiler/codegen/tessera_x86_backend/src/kernels/avx512_vnni_gemm_int8.cpp
x86,tessera_x86_epilogue_bias_fp32,epilogue_bias_fp32,,src/compiler/codegen/tessera_x86_backend/src/kernels/epilogue.cpp
x86,tessera_x86_epilogue_bias_gelu_fp32,epilogue_bias_gelu_fp32,,src/compiler/codegen/tessera_x86_backend/src/kernels/epilogue.cpp
x86,tessera_x86_reference_gemm_bf16,reference_gemm,bf16,src/compiler/codegen/tessera_x86_backend/src/kernels/avx512_gemm_bf16.cpp
